[
  {"name":"Aguascalientes","slug":"aguascalientes","code":"AG","capital":"Aguascalientes","region":"centro","totalStations":8},
  {"name":"Baja California","slug":"baja-california","code":"BC","capital":"Mexicali","region":"noroeste","totalStations":15},
  {"name":"Baja California Sur","slug":"baja-california-sur","code":"BS","capital":"La Paz","region":"noroeste","totalStations":6},
  {"name":"Campeche","slug":"campeche","code":"CM","capital":"San Francisco de Campeche","region":"sureste","totalStations":7},
  {"name":"Chiapas","slug":"chiapas","code":"CS","capital":"Tuxtla Gutiérrez","region":"sureste","totalStations":18},
  {"name":"Chihuahua","slug":"chihuahua","code":"CH","capital":"Chihuahua","region":"norte","totalStations":22},
  {"name":"Ciudad de México","slug":"ciudad-de-mexico","code":"DF","capital":"Ciudad de México","region":"centro","totalStations":21},
  {"name":"Coahuila","slug":"coahuila","code":"CO","capital":"Saltillo","region":"noreste","totalStations":19},
  {"name":"Colima","slug":"colima","code":"CL","capital":"Colima","region":"centro-occidente","totalStations":5},
  {"name":"Durango","slug":"durango","code":"DG","capital":"Victoria de Durango","region":"norte","totalStations":12},
  {"name":"Estado de México","slug":"estado-de-mexico","code":"EM","capital":"Toluca","region":"centro","totalStations":45},
  {"name":"Guanajuato","slug":"guanajuato","code":"GT","capital":"Guanajuato","region":"centro","totalStations":28},
  {"name":"Guerrero","slug":"guerrero","code":"GR","capital":"Chilpancingo","region":"sur","totalStations":14},
  {"name":"Hidalgo","slug":"hidalgo","code":"HG","capital":"Pachuca","region":"centro","totalStations":16},
  {"name":"Jalisco","slug":"jalisco","code":"JA","capital":"Guadalajara","region":"centro-occidente","totalStations":35},
  {"name":"Michoacán","slug":"michoacan","code":"MI","capital":"Morelia","region":"centro-occidente","totalStations":24},
  {"name":"Morelos","slug":"morelos","code":"MO","capital":"Cuernavaca","region":"centro","totalStations":10},
  {"name":"Nayarit","slug":"nayarit","code":"NA","capital":"Tepic","region":"centro-occidente","totalStations":8},
  {"name":"Nuevo León","slug":"nuevo-leon","code":"NL","capital":"Monterrey","region":"noreste","totalStations":32},
  {"name":"Oaxaca","slug":"oaxaca","code":"OA","capital":"Oaxaca de Juárez","region":"sur","totalStations":15},
  {"name":"Puebla","slug":"puebla","code":"PU","capital":"Puebla","region":"centro","totalStations":26},
  {"name":"Querétaro","slug":"queretaro","code":"QT","capital":"Santiago de Querétaro","region":"centro","totalStations":12},
  {"name":"Quintana Roo","slug":"quintana-roo","code":"QR","capital":"Chetumal","region":"sureste","totalStations":11},
  {"name":"San Luis Potosí","slug":"san-luis-potosi","code":"SL","capital":"San Luis Potosí","region":"centro","totalStations":14},
  {"name":"Sinaloa","slug":"sinaloa","code":"SI","capital":"Culiacán","region":"noroeste","totalStations":16},
  {"name":"Sonora","slug":"sonora","code":"SO","capital":"Hermosillo","region":"noroeste","totalStations":20},
  {"name":"Tabasco","slug":"tabasco","code":"TB","capital":"Villahermosa","region":"sureste","totalStations":12},
  {"name":"Tamaulipas","slug":"tamaulipas","code":"TM","capital":"Ciudad Victoria","region":"noreste","totalStations":18},
  {"name":"Tlaxcala","slug":"tlaxcala","code":"TL","capital":"Tlaxcala","region":"centro","totalStations":6},
  {"name":"Veracruz","slug":"veracruz","code":"VZ","capital":"Xalapa","region":"sureste","totalStations":38},
  {"name":"Yucatán","slug":"yucatan","code":"YU","capital":"Mérida","region":"peninsula","totalStations":14},
  {"name":"Zacatecas","slug":"zacatecas","code":"ZA","capital":"Zacatecas","region":"norte","totalStations":10}
]
